               epoch,      train/box_loss,      train/obj_loss,      train/cls_loss,   metrics/precision,      metrics/recall,     metrics/mAP_0.5,metrics/mAP_0.5:0.95,        val/box_loss,        val/obj_loss,        val/cls_loss,               x/lr0,               x/lr1,               x/lr2
                   0,             0.11219,            0.049374,            0.039903,           0.0064928,             0.35252,           0.0054327,           0.0015743,             0.10366,            0.050704,              0.0383,            0.070588,            0.003268,            0.003268
                   1,            0.099196,            0.063852,            0.035624,            0.082384,             0.22917,            0.055093,            0.014822,            0.088525,            0.051908,            0.030385,            0.040566,           0.0065795,           0.0065795
                   2,            0.090164,            0.059305,            0.030686,             0.17221,             0.25569,             0.13566,            0.042839,            0.089601,            0.042468,            0.025022,            0.010523,           0.0098691,           0.0098691
                   3,            0.090269,             0.05303,            0.027815,             0.17646,             0.25083,             0.14685,            0.041983,             0.08642,            0.043461,            0.023566,            0.009901,            0.009901,            0.009901
                   4,            0.082575,            0.048319,            0.026061,             0.20513,              0.3164,             0.19396,            0.061371,            0.084918,            0.038688,            0.021085,            0.009901,            0.009901,            0.009901
                   5,            0.081576,            0.047319,            0.023637,             0.20671,             0.43616,             0.20878,            0.062494,              0.0773,            0.037018,             0.01877,            0.009868,            0.009868,            0.009868
                   6,            0.077355,            0.046189,            0.022407,             0.20139,             0.38418,             0.20103,            0.060357,            0.079378,            0.036013,            0.017997,            0.009835,            0.009835,            0.009835
                   7,            0.076034,            0.043972,            0.020767,             0.36353,             0.53785,             0.33999,             0.12717,            0.073849,             0.03459,            0.016463,            0.009802,            0.009802,            0.009802
                   8,            0.072205,            0.046326,            0.019985,             0.42736,             0.49457,             0.38832,             0.13627,            0.069266,            0.034905,            0.015302,            0.009769,            0.009769,            0.009769
                   9,            0.069416,            0.044484,            0.018868,             0.44929,             0.63961,             0.49372,             0.16664,            0.067076,            0.034085,            0.013912,            0.009736,            0.009736,            0.009736
                  10,            0.068114,            0.043765,            0.017194,             0.53887,             0.68297,             0.51646,             0.19222,            0.065041,            0.034098,            0.013075,            0.009703,            0.009703,            0.009703
                  11,             0.06577,             0.04139,            0.017153,             0.43039,             0.62787,             0.42408,             0.14298,            0.067553,            0.034042,             0.01238,             0.00967,             0.00967,             0.00967
                  12,            0.069342,            0.042563,            0.016128,             0.41364,             0.64619,             0.47566,             0.19137,            0.067415,            0.032979,            0.012018,            0.009637,            0.009637,            0.009637
                  13,            0.066285,            0.042396,            0.015762,              0.4535,             0.61899,             0.50044,             0.18975,            0.068304,             0.03248,            0.011486,            0.009604,            0.009604,            0.009604
                  14,            0.064981,            0.040274,            0.015334,             0.58444,             0.72458,             0.66264,             0.26736,            0.056165,            0.034135,            0.011338,            0.009571,            0.009571,            0.009571
                  15,            0.060251,            0.046832,            0.015129,             0.55883,             0.73859,             0.64713,             0.24898,            0.059572,            0.034231,            0.011165,            0.009538,            0.009538,            0.009538
                  16,            0.060979,            0.040783,            0.014289,             0.58456,              0.7221,             0.65669,              0.2693,            0.055707,            0.034894,            0.010823,            0.009505,            0.009505,            0.009505
                  17,            0.057585,            0.038705,            0.013331,             0.63551,             0.70352,              0.7047,             0.27989,            0.057269,            0.033635,            0.010848,            0.009472,            0.009472,            0.009472
                  18,            0.057814,            0.040182,            0.013703,             0.55525,             0.76355,             0.67114,             0.28826,            0.057944,            0.033923,            0.010431,            0.009439,            0.009439,            0.009439
                  19,            0.059691,            0.043069,            0.013917,             0.56063,             0.80049,             0.65716,             0.27119,            0.054197,            0.033856,            0.010491,            0.009406,            0.009406,            0.009406
                  20,            0.055546,            0.042603,            0.013132,             0.52923,             0.80401,             0.67193,             0.28831,            0.055218,             0.03323,            0.010319,            0.009373,            0.009373,            0.009373
                  21,            0.057609,            0.041655,            0.012934,             0.57787,             0.72772,             0.66632,             0.24844,            0.056321,            0.033588,            0.010426,             0.00934,             0.00934,             0.00934
                  22,            0.056714,             0.03654,            0.013719,             0.71643,             0.78338,             0.76033,             0.28187,              0.0559,            0.033902,            0.010576,            0.009307,            0.009307,            0.009307
                  23,            0.053672,            0.039201,            0.012955,             0.69372,             0.77612,             0.79131,             0.30904,            0.057378,            0.033045,            0.010136,            0.009274,            0.009274,            0.009274
                  24,            0.056933,            0.037963,            0.012463,             0.71009,             0.76754,             0.79243,             0.30915,            0.054302,            0.033715,             0.01005,            0.009241,            0.009241,            0.009241
                  25,            0.053976,            0.041483,            0.012069,             0.65237,             0.74826,             0.74927,             0.31837,            0.054319,             0.03428,            0.010012,            0.009208,            0.009208,            0.009208
                  26,            0.056251,            0.039352,            0.013203,             0.74459,             0.73283,             0.76692,             0.33071,            0.052652,            0.034729,           0.0098225,            0.009175,            0.009175,            0.009175
                  27,            0.053541,            0.040384,            0.012226,             0.69361,             0.75582,               0.761,             0.30901,            0.052338,            0.034442,            0.010081,            0.009142,            0.009142,            0.009142
                  28,            0.051401,            0.038517,            0.011334,              0.7129,             0.80956,             0.79439,             0.31791,            0.053701,            0.034472,           0.0095337,            0.009109,            0.009109,            0.009109
                  29,             0.05169,            0.038822,            0.011177,             0.78639,             0.80371,              0.8284,             0.36193,            0.051239,            0.034234,           0.0098048,            0.009076,            0.009076,            0.009076
                  30,            0.051129,            0.038848,            0.011362,             0.76468,             0.81013,             0.82825,             0.34777,            0.051514,            0.034277,           0.0097767,            0.009043,            0.009043,            0.009043
                  31,            0.052203,             0.04025,            0.011239,             0.75482,             0.80097,             0.80271,             0.32245,            0.053555,             0.03458,           0.0095734,             0.00901,             0.00901,             0.00901
                  32,            0.050268,            0.040088,            0.011926,             0.79949,             0.79736,             0.83836,             0.38138,            0.051522,            0.035047,           0.0094997,            0.008977,            0.008977,            0.008977
                  33,            0.052387,            0.039234,            0.011828,             0.80874,             0.81168,             0.83135,             0.36884,            0.050238,            0.035973,           0.0097132,            0.008944,            0.008944,            0.008944
                  34,            0.048706,            0.039816,            0.011168,             0.76871,             0.79681,             0.80686,             0.33805,            0.051991,            0.036041,             0.00968,            0.008911,            0.008911,            0.008911
                  35,            0.048722,            0.038067,            0.010478,             0.78294,             0.79482,             0.81952,             0.35675,            0.049913,            0.036327,           0.0098899,            0.008878,            0.008878,            0.008878
                  36,             0.05043,            0.035859,            0.010674,             0.83252,             0.81786,             0.86103,             0.36156,            0.050207,            0.035721,           0.0098618,            0.008845,            0.008845,            0.008845
                  37,            0.045612,            0.037754,           0.0093354,             0.66434,             0.80313,             0.74831,             0.32179,            0.053367,              0.0356,           0.0095995,            0.008812,            0.008812,            0.008812
                  38,             0.05043,            0.036078,           0.0098641,             0.79686,             0.77844,             0.82299,             0.35238,            0.052289,            0.035751,           0.0094979,            0.008779,            0.008779,            0.008779
                  39,            0.048425,            0.036657,            0.010941,             0.82896,             0.80258,             0.85325,             0.36755,            0.048802,            0.036735,           0.0097068,            0.008746,            0.008746,            0.008746
                  40,            0.048227,            0.038076,            0.010923,             0.83342,             0.78852,              0.8409,             0.35381,            0.049835,            0.036817,           0.0098614,            0.008713,            0.008713,            0.008713
                  41,            0.046324,            0.034196,            0.010621,             0.85139,             0.80587,             0.83975,             0.37253,            0.049789,            0.037095,            0.009777,             0.00868,             0.00868,             0.00868
                  42,            0.046748,            0.037871,            0.010076,             0.80144,             0.78675,             0.82059,             0.34904,            0.050693,            0.036392,           0.0097897,            0.008647,            0.008647,            0.008647
                  43,            0.048908,            0.038229,           0.0096807,             0.87092,             0.79822,              0.8539,             0.37876,            0.050167,            0.036131,           0.0099372,            0.008614,            0.008614,            0.008614
                  44,            0.046754,            0.038622,            0.010734,             0.84864,             0.80855,             0.85205,             0.39034,            0.049589,            0.035821,            0.010093,            0.008581,            0.008581,            0.008581
                  45,            0.046841,            0.034501,            0.011325,             0.84858,             0.79647,             0.85094,             0.38702,            0.050139,            0.036028,             0.01041,            0.008548,            0.008548,            0.008548
                  46,            0.046128,            0.038449,            0.010016,             0.87698,             0.81687,             0.88072,             0.40497,            0.048971,            0.036134,           0.0097993,            0.008515,            0.008515,            0.008515
                  47,              0.0484,            0.035656,            0.010006,             0.76334,             0.80301,             0.82737,             0.36962,            0.050244,            0.036993,           0.0099321,            0.008482,            0.008482,            0.008482
                  48,            0.045513,            0.034455,            0.009516,             0.81464,              0.7947,             0.83998,             0.35493,            0.050582,            0.036418,            0.010242,            0.008449,            0.008449,            0.008449
                  49,            0.048475,             0.03711,           0.0098736,             0.88317,             0.79995,             0.85782,             0.39082,            0.049238,            0.037455,            0.010284,            0.008416,            0.008416,            0.008416
                  50,            0.045925,            0.034266,           0.0098311,              0.8497,             0.81332,              0.8554,             0.39018,            0.050889,            0.035906,           0.0097603,            0.008383,            0.008383,            0.008383
                  51,             0.04517,            0.034249,           0.0093513,             0.85238,             0.81046,             0.84425,             0.38529,            0.049968,            0.035873,           0.0095745,             0.00835,             0.00835,             0.00835
                  52,            0.046638,            0.035436,           0.0099039,             0.87327,             0.79104,             0.85062,             0.37405,            0.050027,            0.036091,           0.0098789,            0.008317,            0.008317,            0.008317
                  53,            0.044958,            0.033363,           0.0096688,             0.85999,             0.82268,             0.84834,             0.40092,            0.048154,            0.036177,           0.0098188,            0.008284,            0.008284,            0.008284
                  54,            0.045189,             0.03427,           0.0090811,             0.86759,             0.79555,             0.85562,             0.39741,            0.048742,            0.036133,            0.009948,            0.008251,            0.008251,            0.008251
                  55,            0.043115,              0.0371,           0.0096795,             0.85518,             0.77571,             0.83573,             0.40028,            0.048418,            0.036105,           0.0098371,            0.008218,            0.008218,            0.008218
                  56,            0.044349,            0.036151,            0.010194,             0.84541,             0.79819,             0.83485,             0.40013,            0.048258,            0.037124,            0.010025,            0.008185,            0.008185,            0.008185
                  57,            0.044271,            0.035825,           0.0095072,             0.86645,             0.78404,             0.85097,             0.38482,            0.049558,            0.037396,           0.0099576,            0.008152,            0.008152,            0.008152
                  58,            0.044851,            0.036058,           0.0090149,             0.83602,             0.82234,             0.85863,             0.39799,            0.049632,            0.037972,            0.009893,            0.008119,            0.008119,            0.008119
                  59,            0.045427,            0.035512,           0.0087473,             0.88604,               0.788,             0.86088,             0.36823,            0.049442,             0.03802,           0.0098238,            0.008086,            0.008086,            0.008086
                  60,            0.044098,            0.035582,           0.0088969,             0.82667,             0.80407,             0.84273,             0.38979,            0.048367,            0.038437,           0.0096918,            0.008053,            0.008053,            0.008053
                  61,            0.047289,            0.037158,           0.0096218,             0.85213,             0.77065,             0.83834,             0.40226,            0.048398,             0.03808,            0.009504,             0.00802,             0.00802,             0.00802
                  62,            0.044362,            0.033103,           0.0083838,             0.82336,             0.83999,             0.85168,             0.35819,            0.050294,            0.037245,           0.0093175,            0.007987,            0.007987,            0.007987
                  63,             0.04673,            0.035682,           0.0088412,             0.84699,             0.81215,             0.85284,             0.39153,            0.048558,            0.037413,           0.0094488,            0.007954,            0.007954,            0.007954
                  64,            0.044221,            0.031609,           0.0088571,             0.86724,             0.81061,             0.85105,             0.38337,            0.049203,            0.038254,           0.0096496,            0.007921,            0.007921,            0.007921
                  65,            0.043534,            0.030859,           0.0093399,             0.87375,             0.79815,             0.83778,             0.39011,            0.050356,            0.037863,           0.0096118,            0.007888,            0.007888,            0.007888
                  66,            0.044748,            0.033767,           0.0091042,             0.85213,             0.79771,               0.842,             0.37936,            0.049226,            0.037182,           0.0095345,            0.007855,            0.007855,            0.007855
                  67,            0.042457,            0.034199,           0.0093813,             0.88137,             0.79035,             0.85973,             0.39532,            0.047332,            0.037035,           0.0095349,            0.007822,            0.007822,            0.007822
                  68,            0.045314,            0.033992,           0.0090662,             0.86204,             0.80328,              0.8365,             0.39223,            0.047762,            0.037087,           0.0095173,            0.007789,            0.007789,            0.007789
                  69,             0.04274,            0.031089,            0.008966,             0.85224,             0.77554,             0.83754,             0.37391,            0.049827,            0.037081,           0.0097741,            0.007756,            0.007756,            0.007756
                  70,            0.045677,            0.031023,            0.009247,              0.8688,             0.79915,             0.83459,             0.40003,            0.048202,            0.037629,           0.0096272,            0.007723,            0.007723,            0.007723
                  71,            0.042015,            0.031373,           0.0084238,             0.86659,             0.77985,             0.84939,             0.39193,             0.05122,            0.036358,             0.00927,             0.00769,             0.00769,             0.00769
                  72,            0.045348,            0.035535,           0.0093211,             0.85206,             0.79147,             0.86229,             0.41368,            0.047787,            0.036828,           0.0090092,            0.007657,            0.007657,            0.007657
                  73,             0.04188,            0.033306,           0.0087256,             0.88857,             0.78542,             0.86471,             0.38559,            0.049942,            0.036386,           0.0089508,            0.007624,            0.007624,            0.007624
                  74,            0.039413,            0.031359,           0.0076156,             0.87253,             0.82808,             0.86244,             0.42048,            0.047784,            0.036961,           0.0091644,            0.007591,            0.007591,            0.007591
                  75,            0.043053,             0.03401,           0.0091273,             0.87046,             0.82028,             0.85462,             0.41329,            0.048575,            0.037731,           0.0092224,            0.007558,            0.007558,            0.007558
                  76,            0.040861,            0.035596,           0.0079849,             0.85571,             0.82698,             0.85604,             0.39074,            0.049297,            0.038012,           0.0090277,            0.007525,            0.007525,            0.007525
                  77,            0.041393,            0.033404,           0.0073693,             0.90184,             0.79404,              0.8637,             0.40634,             0.04739,            0.039117,            0.009092,            0.007492,            0.007492,            0.007492
                  78,            0.040119,            0.030032,           0.0080414,             0.84601,             0.79102,             0.83145,             0.38713,            0.049577,            0.039304,           0.0093392,            0.007459,            0.007459,            0.007459
                  79,            0.040768,            0.032611,           0.0082958,             0.88051,             0.80634,             0.85397,             0.39569,            0.048933,            0.038929,           0.0092384,            0.007426,            0.007426,            0.007426
                  80,            0.043684,            0.030855,            0.009036,             0.85449,             0.78517,             0.83976,             0.38122,            0.049614,            0.039324,           0.0093834,            0.007393,            0.007393,            0.007393
                  81,            0.040953,            0.030532,           0.0084592,             0.85683,             0.77559,             0.84932,             0.40259,            0.047549,            0.039432,           0.0092563,             0.00736,             0.00736,             0.00736
                  82,            0.041818,            0.031822,           0.0080603,              0.8427,             0.79316,             0.84041,             0.41203,            0.047209,            0.039481,           0.0092156,            0.007327,            0.007327,            0.007327
                  83,            0.040389,            0.031361,           0.0089422,              0.8298,             0.81605,             0.86371,             0.39144,            0.049612,            0.037832,           0.0090652,            0.007294,            0.007294,            0.007294
                  84,            0.043241,            0.032117,           0.0084043,             0.84551,             0.81335,             0.86226,             0.40989,            0.048014,            0.038108,           0.0093397,            0.007261,            0.007261,            0.007261
                  85,            0.041505,            0.030249,           0.0085071,             0.85645,             0.81559,             0.85402,             0.39891,            0.048637,            0.038822,           0.0092974,            0.007228,            0.007228,            0.007228
                  86,            0.041214,            0.036188,           0.0087718,             0.85804,              0.8212,             0.85961,             0.40524,            0.047854,            0.038925,           0.0092676,            0.007195,            0.007195,            0.007195
                  87,            0.040564,            0.030357,           0.0086408,             0.87784,             0.80762,             0.85339,             0.39669,            0.048953,            0.038645,           0.0094289,            0.007162,            0.007162,            0.007162
                  88,             0.03965,            0.029559,           0.0084427,              0.8743,             0.81374,             0.84448,             0.40608,            0.048262,            0.038197,           0.0094857,            0.007129,            0.007129,            0.007129
                  89,            0.041797,            0.030224,           0.0088009,             0.87438,              0.7942,             0.83307,             0.40289,            0.047802,            0.039485,           0.0099419,            0.007096,            0.007096,            0.007096
                  90,            0.040648,            0.027941,            0.008197,             0.89309,             0.79202,             0.83625,             0.39693,            0.049031,            0.038884,           0.0099385,            0.007063,            0.007063,            0.007063
                  91,            0.041945,            0.028739,           0.0082194,             0.88568,             0.79388,             0.83664,             0.40648,            0.047738,            0.039807,           0.0097654,             0.00703,             0.00703,             0.00703
                  92,            0.039008,            0.030253,           0.0088472,             0.88487,             0.79134,             0.84253,             0.40731,            0.047773,            0.039116,           0.0097408,            0.006997,            0.006997,            0.006997
                  93,            0.037957,            0.032652,           0.0080343,             0.87893,              0.8252,             0.85703,             0.40244,            0.048136,             0.03876,           0.0098459,            0.006964,            0.006964,            0.006964
                  94,            0.040038,            0.032558,           0.0078734,             0.88465,             0.84208,             0.86295,             0.41616,            0.047842,            0.038519,           0.0097823,            0.006931,            0.006931,            0.006931
                  95,            0.039742,            0.032365,           0.0088683,              0.8809,             0.82256,             0.85217,             0.41317,            0.047738,            0.038275,           0.0098123,            0.006898,            0.006898,            0.006898
                  96,             0.03774,            0.028952,           0.0077754,             0.87247,             0.81994,              0.8604,              0.4093,            0.048327,            0.038372,            0.009593,            0.006865,            0.006865,            0.006865
                  97,            0.039182,            0.032084,           0.0090973,             0.87654,             0.82184,             0.84801,              0.4112,            0.047699,            0.039128,           0.0096958,            0.006832,            0.006832,            0.006832
                  98,            0.039972,            0.031724,           0.0081786,             0.85418,             0.78654,             0.82783,             0.39424,            0.048282,            0.039687,           0.0095694,            0.006799,            0.006799,            0.006799
                  99,            0.039648,            0.031505,           0.0077801,             0.87472,             0.79157,             0.84571,             0.39483,            0.048318,            0.040143,           0.0095484,            0.006766,            0.006766,            0.006766
                 100,             0.03996,            0.034712,           0.0092213,             0.88392,             0.80348,             0.84429,             0.39892,            0.048786,            0.039973,           0.0094244,            0.006733,            0.006733,            0.006733
                 101,            0.041722,            0.032302,           0.0092727,             0.89193,             0.80633,             0.85478,             0.40894,            0.048305,            0.039229,           0.0094171,              0.0067,              0.0067,              0.0067
                 102,             0.03801,            0.031991,           0.0082866,             0.88298,             0.83726,              0.8742,              0.4203,            0.046982,            0.038385,           0.0092571,            0.006667,            0.006667,            0.006667
                 103,            0.038459,            0.030871,           0.0073217,             0.90096,             0.82424,             0.87436,             0.41374,            0.047484,            0.038309,            0.009204,            0.006634,            0.006634,            0.006634
                 104,            0.039599,            0.033183,           0.0081281,             0.85824,             0.78832,             0.85096,             0.39556,            0.048819,            0.038538,           0.0091652,            0.006601,            0.006601,            0.006601
                 105,            0.040613,            0.031822,           0.0080879,             0.88754,             0.80351,             0.85488,             0.40931,            0.047583,            0.038525,           0.0093084,            0.006568,            0.006568,            0.006568
                 106,            0.038488,            0.027218,           0.0078637,             0.89143,             0.81731,             0.85941,             0.41019,            0.048075,             0.03851,           0.0094406,            0.006535,            0.006535,            0.006535
                 107,            0.037994,            0.028001,           0.0084875,             0.85465,              0.7859,             0.83642,             0.39682,             0.04877,            0.038854,           0.0097657,            0.006502,            0.006502,            0.006502
                 108,            0.039341,            0.032595,           0.0084996,              0.8633,             0.79392,             0.84259,             0.39927,            0.048593,            0.039446,           0.0098098,            0.006469,            0.006469,            0.006469
                 109,            0.038451,            0.031662,           0.0094997,             0.87742,              0.7935,             0.84575,             0.41929,            0.047442,            0.039656,            0.009858,            0.006436,            0.006436,            0.006436
                 110,            0.038089,            0.029267,           0.0073616,             0.87706,             0.80533,             0.85722,             0.42033,            0.047519,            0.039559,           0.0099505,            0.006403,            0.006403,            0.006403
                 111,            0.037054,             0.03051,           0.0080903,             0.86245,             0.78925,             0.84618,             0.40244,            0.048026,            0.039926,           0.0098365,             0.00637,             0.00637,             0.00637
                 112,            0.038543,            0.030163,           0.0075572,             0.87249,             0.78636,             0.84545,             0.41391,            0.047222,            0.040052,           0.0099362,            0.006337,            0.006337,            0.006337
                 113,            0.035856,            0.030927,           0.0079458,             0.85896,             0.79149,             0.83331,             0.40971,            0.047397,            0.040027,           0.0099367,            0.006304,            0.006304,            0.006304
                 114,            0.037067,            0.031839,           0.0080989,             0.88424,             0.79795,             0.83285,             0.40295,            0.048208,            0.040198,           0.0098482,            0.006271,            0.006271,            0.006271
                 115,            0.038628,            0.030485,           0.0084749,             0.86971,             0.79343,             0.82928,             0.39711,            0.048217,            0.040131,           0.0098751,            0.006238,            0.006238,            0.006238
                 116,            0.035869,            0.030108,           0.0080177,             0.87509,             0.78907,             0.84123,             0.40891,            0.047512,            0.039984,           0.0099682,            0.006205,            0.006205,            0.006205
                 117,            0.037815,            0.030418,            0.008117,             0.83119,             0.79696,             0.84316,              0.3998,            0.048491,            0.040398,           0.0097134,            0.006172,            0.006172,            0.006172
                 118,            0.036731,            0.031106,           0.0073974,             0.85851,             0.77151,             0.83418,             0.40942,            0.048686,            0.040941,           0.0096954,            0.006139,            0.006139,            0.006139
                 119,            0.038275,            0.031003,           0.0088576,             0.86213,             0.80889,             0.84045,             0.41532,            0.047904,            0.040755,           0.0096429,            0.006106,            0.006106,            0.006106
                 120,            0.036602,            0.030081,           0.0074646,             0.88513,             0.79861,             0.84757,             0.39901,            0.048698,            0.041001,           0.0097608,            0.006073,            0.006073,            0.006073
                 121,            0.037704,            0.028978,           0.0076769,             0.88745,             0.81587,             0.85343,              0.4147,            0.048373,            0.040349,           0.0095882,             0.00604,             0.00604,             0.00604
                 122,            0.037399,             0.02736,            0.007832,             0.89292,             0.80299,             0.84229,             0.40982,            0.048028,            0.040418,           0.0094833,            0.006007,            0.006007,            0.006007
                 123,            0.036142,            0.030164,             0.00818,              0.8707,             0.81964,             0.84489,             0.41113,            0.047214,            0.039523,           0.0095263,            0.005974,            0.005974,            0.005974
                 124,            0.037671,             0.03199,           0.0079055,             0.89167,              0.8205,             0.84805,             0.40818,            0.047211,             0.03917,           0.0095576,            0.005941,            0.005941,            0.005941
                 125,            0.035714,            0.029445,           0.0076445,             0.87887,              0.8201,             0.83546,             0.40748,             0.04695,            0.038733,           0.0095797,            0.005908,            0.005908,            0.005908
                 126,            0.036631,            0.029136,           0.0077269,             0.88797,             0.80863,             0.83734,             0.40708,            0.047317,            0.039039,           0.0096618,            0.005875,            0.005875,            0.005875
                 127,            0.035589,            0.029031,           0.0068514,             0.88681,             0.81147,             0.85033,             0.40217,            0.048115,             0.04022,           0.0095574,            0.005842,            0.005842,            0.005842
                 128,            0.038435,            0.029148,           0.0083663,             0.88928,             0.80121,             0.84241,             0.41722,            0.047426,            0.040575,            0.009379,            0.005809,            0.005809,            0.005809
                 129,            0.035651,            0.030042,           0.0077464,             0.88926,             0.80678,             0.85035,             0.41121,            0.048518,            0.041086,           0.0093849,            0.005776,            0.005776,            0.005776
                 130,            0.036137,            0.029558,           0.0078002,             0.87815,             0.79534,             0.84294,             0.41518,            0.048041,            0.041466,           0.0092412,            0.005743,            0.005743,            0.005743
                 131,            0.037072,            0.028177,           0.0073379,             0.85996,             0.79301,             0.83433,             0.40459,             0.04796,            0.042109,           0.0093379,             0.00571,             0.00571,             0.00571
                 132,             0.03526,            0.029354,           0.0079588,             0.85109,              0.7941,              0.8321,             0.39469,            0.048779,            0.042104,           0.0095063,            0.005677,            0.005677,            0.005677
                 133,            0.036524,            0.028928,            0.007708,              0.8858,             0.81426,             0.85032,             0.41031,            0.047755,             0.04173,           0.0095676,            0.005644,            0.005644,            0.005644
                 134,             0.03535,            0.027826,           0.0080047,             0.87188,             0.81147,             0.83853,             0.40613,            0.047943,              0.0412,           0.0096402,            0.005611,            0.005611,            0.005611
                 135,            0.035606,            0.024852,           0.0072639,             0.85834,             0.83671,             0.83903,             0.40905,             0.04851,            0.041056,           0.0096677,            0.005578,            0.005578,            0.005578
                 136,            0.036991,            0.029935,           0.0074439,             0.86452,             0.82935,             0.85507,             0.40754,            0.047783,            0.040255,           0.0095686,            0.005545,            0.005545,            0.005545
                 137,            0.033583,            0.029277,           0.0074807,             0.86977,             0.80739,              0.8628,             0.42302,            0.047125,            0.040649,           0.0096913,            0.005512,            0.005512,            0.005512
                 138,            0.034581,            0.028652,           0.0073115,             0.88731,             0.79245,             0.86039,             0.40204,            0.047944,            0.040535,           0.0097154,            0.005479,            0.005479,            0.005479
                 139,            0.036413,            0.029916,           0.0076867,             0.86395,             0.79645,              0.8489,             0.41224,            0.048211,            0.040457,           0.0097453,            0.005446,            0.005446,            0.005446
                 140,            0.036993,            0.029408,           0.0074871,             0.87115,               0.785,             0.85036,             0.41127,            0.047732,            0.041429,            0.010254,            0.005413,            0.005413,            0.005413
                 141,            0.034769,            0.025068,           0.0076465,               0.861,               0.799,              0.8498,             0.41585,             0.04806,            0.041319,            0.010131,             0.00538,             0.00538,             0.00538
                 142,            0.035744,            0.027306,           0.0073333,             0.88012,             0.81218,             0.85783,             0.42107,            0.047814,             0.04087,            0.010066,            0.005347,            0.005347,            0.005347
                 143,            0.035795,            0.028888,           0.0076077,             0.89709,             0.80639,             0.85278,             0.40752,            0.048017,            0.041376,             0.00996,            0.005314,            0.005314,            0.005314
                 144,             0.03437,            0.029798,           0.0080879,              0.8854,             0.81356,             0.85671,             0.40963,            0.048066,            0.040922,           0.0099984,            0.005281,            0.005281,            0.005281
                 145,            0.036406,            0.027664,           0.0082934,             0.89327,             0.82557,             0.86484,             0.42019,            0.047652,            0.040196,            0.010087,            0.005248,            0.005248,            0.005248
                 146,            0.035447,            0.029622,           0.0078415,             0.87256,             0.81528,              0.8567,             0.40168,            0.048432,            0.039953,           0.0097764,            0.005215,            0.005215,            0.005215
                 147,            0.037238,            0.031717,           0.0079736,             0.88059,             0.80791,             0.84927,             0.41344,            0.047374,            0.040579,           0.0095388,            0.005182,            0.005182,            0.005182
                 148,            0.035956,            0.029365,           0.0081884,             0.90322,             0.79019,              0.8526,             0.40257,            0.048531,            0.041008,           0.0094586,            0.005149,            0.005149,            0.005149
                 149,            0.035154,            0.032564,           0.0074368,             0.90849,             0.79834,             0.85751,             0.41683,            0.047717,            0.041912,           0.0095301,            0.005116,            0.005116,            0.005116
                 150,            0.034437,            0.026197,           0.0066678,             0.89899,             0.81113,             0.85648,             0.41779,            0.047582,            0.041915,           0.0095551,            0.005083,            0.005083,            0.005083
                 151,            0.033644,            0.028374,           0.0077033,             0.89286,             0.80786,             0.85466,             0.43639,            0.046972,            0.042342,           0.0096228,             0.00505,             0.00505,             0.00505
                 152,            0.035042,            0.030456,           0.0067087,             0.88687,             0.80064,             0.84751,              0.4302,            0.047466,            0.042347,            0.009823,            0.005017,            0.005017,            0.005017
                 153,            0.032707,            0.025435,           0.0073917,             0.87843,             0.81685,              0.8523,             0.42542,            0.047564,            0.041307,           0.0099616,            0.004984,            0.004984,            0.004984
                 154,            0.034461,             0.02745,           0.0074866,             0.88931,             0.81307,             0.85427,              0.4195,            0.047809,            0.040993,           0.0099787,            0.004951,            0.004951,            0.004951
                 155,            0.033785,            0.027101,           0.0074959,             0.88212,             0.82376,             0.86198,             0.41904,            0.047881,             0.04164,           0.0097687,            0.004918,            0.004918,            0.004918
                 156,            0.033451,            0.025844,           0.0073126,             0.89546,             0.80129,             0.84705,             0.41005,            0.048063,            0.041858,           0.0096414,            0.004885,            0.004885,            0.004885
                 157,            0.033814,            0.026175,           0.0074508,             0.89067,             0.81254,             0.84756,             0.41403,            0.047945,            0.041778,           0.0097506,            0.004852,            0.004852,            0.004852
                 158,            0.032879,            0.027296,            0.006745,               0.897,             0.81163,             0.84877,             0.42445,            0.048191,             0.04196,           0.0097407,            0.004819,            0.004819,            0.004819
                 159,            0.035002,            0.025567,           0.0070892,              0.9065,             0.79737,             0.85234,             0.42286,            0.047805,            0.042047,           0.0097681,            0.004786,            0.004786,            0.004786
                 160,            0.032595,            0.028314,           0.0077588,             0.87474,             0.80201,             0.85187,             0.42388,            0.047595,            0.042141,           0.0096958,            0.004753,            0.004753,            0.004753
                 161,            0.033332,            0.028549,           0.0076781,             0.88716,             0.80528,             0.85288,             0.41323,            0.047892,            0.042085,           0.0097441,             0.00472,             0.00472,             0.00472
                 162,            0.033347,            0.027885,           0.0071542,             0.86003,             0.82872,             0.85273,             0.41175,             0.04789,            0.042079,            0.010001,            0.004687,            0.004687,            0.004687
                 163,            0.032298,             0.02827,           0.0071987,              0.8815,             0.80727,             0.85546,             0.40807,             0.04785,            0.041751,            0.010226,            0.004654,            0.004654,            0.004654
                 164,            0.032961,            0.025835,           0.0073163,             0.87411,             0.80388,             0.85493,             0.41717,            0.047643,            0.041666,            0.010175,            0.004621,            0.004621,            0.004621
                 165,            0.033363,            0.028684,            0.007234,             0.85764,             0.82371,             0.85183,             0.41637,            0.047546,            0.041618,            0.010156,            0.004588,            0.004588,            0.004588
                 166,            0.033338,            0.028741,           0.0070682,             0.86576,             0.81881,             0.84945,             0.41881,            0.047926,            0.041526,            0.010307,            0.004555,            0.004555,            0.004555
                 167,             0.03349,            0.029936,           0.0073594,             0.89804,             0.82391,             0.86077,             0.42775,             0.04736,            0.041467,            0.010255,            0.004522,            0.004522,            0.004522
                 168,            0.034173,            0.030106,           0.0076404,             0.89036,             0.82931,             0.86369,             0.43185,            0.047374,            0.041039,            0.010315,            0.004489,            0.004489,            0.004489
                 169,            0.032817,            0.027003,           0.0072744,             0.87901,             0.83239,             0.86074,             0.42268,             0.04763,            0.040612,            0.010333,            0.004456,            0.004456,            0.004456
                 170,            0.032128,            0.030802,           0.0068559,             0.90563,             0.81723,             0.85642,             0.43423,            0.047335,            0.040618,            0.010381,            0.004423,            0.004423,            0.004423
                 171,            0.032609,            0.028821,           0.0067858,              0.9052,              0.8029,              0.8643,             0.43123,            0.047312,             0.04051,            0.010442,             0.00439,             0.00439,             0.00439
                 172,            0.031531,            0.026959,            0.006744,             0.89328,             0.81798,             0.86558,             0.43047,            0.046814,            0.040902,            0.010464,            0.004357,            0.004357,            0.004357
                 173,             0.03263,            0.028361,           0.0074439,             0.89918,              0.8122,             0.86082,             0.43078,            0.047317,            0.041843,            0.010478,            0.004324,            0.004324,            0.004324
                 174,            0.033198,            0.026864,           0.0069986,             0.89734,             0.81777,             0.86504,             0.42901,            0.047373,            0.041837,            0.010231,            0.004291,            0.004291,            0.004291
                 175,            0.032936,            0.027097,           0.0067919,             0.90111,             0.83297,             0.86624,             0.43123,            0.047178,            0.041597,           0.0099312,            0.004258,            0.004258,            0.004258
                 176,            0.033104,            0.027138,           0.0078544,             0.90577,             0.83151,             0.86098,             0.43969,            0.047102,            0.041689,           0.0098166,            0.004225,            0.004225,            0.004225
                 177,            0.033451,            0.030907,           0.0069103,             0.90817,             0.83513,             0.86215,             0.43279,            0.046871,            0.041581,           0.0097208,            0.004192,            0.004192,            0.004192
                 178,             0.03371,            0.029828,           0.0078652,             0.90773,             0.83021,             0.86812,             0.43368,            0.046965,            0.041297,           0.0097409,            0.004159,            0.004159,            0.004159
                 179,            0.031829,            0.027586,           0.0067871,             0.91286,             0.83947,             0.86789,             0.44033,             0.04687,            0.041114,           0.0096387,            0.004126,            0.004126,            0.004126
                 180,            0.031366,            0.026781,            0.006061,             0.91209,              0.8216,             0.86668,             0.44483,            0.047038,            0.041565,           0.0096485,            0.004093,            0.004093,            0.004093
                 181,            0.031377,            0.028513,           0.0070614,             0.91701,             0.81742,             0.87043,             0.42507,            0.047112,            0.041887,           0.0097179,             0.00406,             0.00406,             0.00406
                 182,             0.03272,            0.027096,           0.0076389,             0.91042,             0.83462,             0.88045,             0.43377,             0.04695,            0.041821,           0.0098593,            0.004027,            0.004027,            0.004027
                 183,            0.033167,            0.027226,           0.0075343,             0.90392,             0.84675,              0.8819,             0.43278,            0.047049,             0.04189,           0.0099483,            0.003994,            0.003994,            0.003994
                 184,            0.032485,            0.027631,           0.0073238,             0.88592,             0.83442,             0.87227,             0.43735,            0.046918,            0.041908,           0.0099628,            0.003961,            0.003961,            0.003961
                 185,            0.033298,            0.027753,           0.0071725,             0.89882,             0.82609,             0.86761,             0.43531,            0.046947,            0.041962,           0.0099341,            0.003928,            0.003928,            0.003928
                 186,            0.032492,            0.027991,           0.0074039,             0.90149,             0.81382,             0.86228,              0.4325,             0.04703,            0.042025,           0.0097844,            0.003895,            0.003895,            0.003895
                 187,            0.032849,            0.026425,           0.0078438,             0.88211,             0.82196,             0.85442,             0.43511,            0.046983,            0.041647,           0.0099165,            0.003862,            0.003862,            0.003862
                 188,            0.032037,            0.027047,           0.0067601,             0.87929,             0.82407,             0.85641,             0.42229,            0.047316,            0.041836,           0.0097003,            0.003829,            0.003829,            0.003829
                 189,            0.032131,            0.025083,           0.0066111,             0.88356,             0.83229,              0.8641,             0.43822,            0.046859,            0.041743,           0.0095119,            0.003796,            0.003796,            0.003796
                 190,            0.031567,            0.029562,           0.0070191,             0.88533,             0.83049,             0.85502,             0.41922,            0.047684,            0.041896,           0.0094231,            0.003763,            0.003763,            0.003763
                 191,             0.03173,            0.025275,           0.0071293,             0.89617,             0.82045,             0.85309,             0.42519,            0.047208,            0.042343,            0.009302,             0.00373,             0.00373,             0.00373
                 192,            0.031658,            0.025735,           0.0064863,              0.9028,             0.80879,             0.84696,             0.42514,            0.047333,            0.042278,           0.0093381,            0.003697,            0.003697,            0.003697
                 193,            0.031777,            0.025956,           0.0068617,             0.90605,             0.82751,             0.87661,             0.44191,            0.046605,            0.042425,           0.0093077,            0.003664,            0.003664,            0.003664
                 194,            0.032526,            0.028276,           0.0074022,             0.88946,             0.83556,             0.87426,             0.43926,            0.046802,             0.04281,           0.0093323,            0.003631,            0.003631,            0.003631
                 195,            0.030532,             0.02677,           0.0063176,             0.90429,             0.81277,              0.8705,             0.43953,            0.046643,            0.042718,           0.0093868,            0.003598,            0.003598,            0.003598
                 196,            0.030937,            0.024865,           0.0068438,             0.91518,             0.83761,             0.86811,              0.4404,            0.046731,            0.042555,           0.0094249,            0.003565,            0.003565,            0.003565
                 197,            0.031427,            0.027436,           0.0072959,             0.90995,             0.82434,             0.87052,             0.44048,            0.046753,            0.042493,           0.0092862,            0.003532,            0.003532,            0.003532
                 198,            0.031247,            0.028461,           0.0075811,             0.91304,             0.84265,             0.87257,             0.44118,            0.046843,            0.042317,           0.0093262,            0.003499,            0.003499,            0.003499
                 199,            0.030813,            0.024077,           0.0070802,             0.92042,             0.83015,              0.8729,              0.4405,            0.046699,            0.042269,            0.009386,            0.003466,            0.003466,            0.003466
                 200,            0.030577,            0.026596,           0.0067707,             0.91829,             0.83352,             0.86803,             0.44059,            0.046546,            0.042365,           0.0094353,            0.003433,            0.003433,            0.003433
                 201,            0.032525,            0.027148,           0.0071458,              0.8942,             0.83947,              0.8645,             0.44748,            0.046418,            0.042436,           0.0095493,              0.0034,              0.0034,              0.0034
                 202,            0.031286,            0.024036,            0.008259,             0.89217,             0.84538,             0.86737,             0.44522,            0.046439,            0.042073,           0.0095919,            0.003367,            0.003367,            0.003367
                 203,            0.031148,            0.025975,           0.0070023,             0.90247,             0.84631,             0.87709,             0.43946,            0.046639,            0.041916,           0.0095954,            0.003334,            0.003334,            0.003334
                 204,            0.030914,            0.024674,           0.0067169,             0.90857,             0.84699,             0.87244,             0.43794,            0.046714,            0.041801,           0.0096239,            0.003301,            0.003301,            0.003301
                 205,             0.03072,            0.024581,           0.0073886,             0.90698,             0.83556,             0.85939,             0.42982,            0.046786,            0.041987,           0.0097215,            0.003268,            0.003268,            0.003268
                 206,            0.031521,            0.026916,           0.0070549,             0.91374,             0.84565,             0.87466,             0.43677,             0.04684,            0.042306,           0.0096392,            0.003235,            0.003235,            0.003235
                 207,            0.031924,            0.025827,           0.0074046,             0.89801,             0.83422,             0.86498,             0.42357,            0.046935,            0.042546,           0.0097308,            0.003202,            0.003202,            0.003202
                 208,            0.031439,            0.024848,           0.0066363,             0.88471,             0.83647,             0.86021,              0.4224,             0.04705,            0.042693,            0.009877,            0.003169,            0.003169,            0.003169
                 209,            0.029186,             0.02556,           0.0067333,             0.88724,             0.83153,             0.85498,              0.4171,            0.047055,            0.042939,           0.0098909,            0.003136,            0.003136,            0.003136
                 210,             0.03015,            0.027499,           0.0066678,             0.87713,              0.8371,             0.84643,             0.42666,            0.047051,            0.042978,           0.0099249,            0.003103,            0.003103,            0.003103
                 211,            0.030933,            0.026293,            0.007186,              0.8818,             0.83953,                0.86,             0.42573,            0.046909,            0.042873,           0.0099747,             0.00307,             0.00307,             0.00307
                 212,            0.030116,             0.02563,           0.0074023,              0.8801,             0.84624,             0.86364,             0.43659,             0.04685,            0.042752,           0.0098304,            0.003037,            0.003037,            0.003037
                 213,            0.028966,            0.024111,           0.0067259,             0.88423,             0.84167,               0.859,             0.43733,            0.046886,            0.043182,           0.0099289,            0.003004,            0.003004,            0.003004
                 214,            0.030133,            0.024607,           0.0077729,             0.88032,             0.83752,             0.86837,             0.43011,            0.047098,            0.043397,           0.0099555,            0.002971,            0.002971,            0.002971
                 215,            0.031559,            0.025427,           0.0072837,             0.89355,             0.83752,             0.86707,             0.43594,            0.047031,            0.043759,            0.009933,            0.002938,            0.002938,            0.002938
                 216,            0.030064,            0.026212,           0.0067754,             0.88803,             0.80936,             0.85765,             0.43611,            0.046882,            0.043793,           0.0097957,            0.002905,            0.002905,            0.002905
                 217,            0.031029,            0.026939,           0.0078543,             0.91023,             0.79258,             0.85535,              0.4357,            0.046871,            0.043875,           0.0096939,            0.002872,            0.002872,            0.002872
                 218,            0.029956,            0.024853,           0.0069092,             0.88055,             0.82979,             0.86289,             0.42562,            0.047178,            0.044011,           0.0097112,            0.002839,            0.002839,            0.002839
                 219,            0.030965,            0.025268,           0.0067993,             0.88436,             0.81181,             0.85881,             0.42467,            0.047352,            0.044206,           0.0099244,            0.002806,            0.002806,            0.002806
                 220,            0.031395,            0.024366,           0.0069383,             0.89305,             0.81358,             0.85411,              0.4275,            0.046976,            0.044463,           0.0099642,            0.002773,            0.002773,            0.002773
                 221,            0.029065,            0.025253,           0.0067551,             0.88705,             0.81465,             0.85572,             0.42396,            0.047049,            0.044415,            0.010073,             0.00274,             0.00274,             0.00274
                 222,            0.030259,            0.025366,           0.0071096,             0.90801,             0.80884,             0.86416,             0.42861,            0.046846,            0.044082,            0.010136,            0.002707,            0.002707,            0.002707
                 223,            0.029453,            0.026494,           0.0073441,             0.90647,             0.79494,             0.85318,              0.4316,            0.046736,            0.043926,            0.010003,            0.002674,            0.002674,            0.002674
                 224,             0.02862,            0.025707,           0.0064267,             0.89355,             0.81616,             0.86372,             0.43325,            0.046471,            0.043427,           0.0098005,            0.002641,            0.002641,            0.002641
                 225,            0.029516,            0.027015,           0.0064241,             0.90246,             0.81564,             0.86632,             0.43566,            0.046671,            0.043365,           0.0097639,            0.002608,            0.002608,            0.002608
                 226,            0.030905,            0.027018,           0.0069724,               0.887,             0.82416,              0.8648,             0.43432,            0.046707,            0.043527,           0.0097022,            0.002575,            0.002575,            0.002575
                 227,            0.031208,             0.02709,           0.0071053,             0.88806,             0.81482,             0.86379,             0.43504,            0.046826,            0.043813,           0.0097024,            0.002542,            0.002542,            0.002542
                 228,            0.029698,            0.025369,            0.006828,             0.89827,             0.79509,             0.85951,              0.4331,            0.046933,             0.04378,           0.0099284,            0.002509,            0.002509,            0.002509
                 229,            0.028253,            0.025807,           0.0062953,             0.90839,             0.78686,             0.85957,             0.43367,            0.046957,            0.043748,           0.0099552,            0.002476,            0.002476,            0.002476
                 230,             0.02893,            0.023876,           0.0068134,             0.91305,             0.79585,             0.86662,             0.43926,            0.046617,            0.043355,           0.0099817,            0.002443,            0.002443,            0.002443
                 231,            0.029803,            0.025417,           0.0065531,             0.90566,             0.77901,             0.85379,             0.43478,            0.046788,             0.04366,           0.0099439,             0.00241,             0.00241,             0.00241
                 232,            0.029751,            0.027471,           0.0070366,             0.90454,              0.7779,             0.84995,             0.43059,             0.04697,            0.044314,           0.0098116,            0.002377,            0.002377,            0.002377
                 233,             0.02966,            0.024535,            0.007306,              0.8972,             0.77655,             0.84017,             0.42906,            0.046987,            0.044423,           0.0097461,            0.002344,            0.002344,            0.002344
                 234,            0.028914,            0.026395,            0.006684,             0.90112,             0.78466,              0.8445,              0.4348,            0.047006,            0.044162,           0.0096994,            0.002311,            0.002311,            0.002311
                 235,             0.02871,            0.026514,           0.0064667,             0.89841,             0.78611,             0.84838,             0.44101,            0.046777,            0.044222,           0.0096948,            0.002278,            0.002278,            0.002278
                 236,            0.028991,            0.024718,           0.0061629,             0.88732,             0.81134,             0.85175,             0.44419,            0.046892,            0.044003,           0.0097806,            0.002245,            0.002245,            0.002245
                 237,            0.029745,            0.027941,           0.0069287,             0.88561,             0.79826,             0.85191,             0.43781,            0.046988,            0.044209,           0.0097073,            0.002212,            0.002212,            0.002212
                 238,            0.028831,             0.02481,           0.0062892,             0.88939,             0.79351,             0.84251,             0.43761,            0.047181,            0.044028,           0.0097159,            0.002179,            0.002179,            0.002179
                 239,            0.028515,            0.024138,           0.0064899,             0.89166,             0.79552,             0.84463,             0.43958,             0.04692,            0.044356,           0.0097779,            0.002146,            0.002146,            0.002146
                 240,            0.028244,            0.024928,           0.0067894,             0.90232,              0.7926,             0.84915,             0.43481,            0.047092,            0.044312,           0.0098766,            0.002113,            0.002113,            0.002113
                 241,            0.030075,             0.02628,           0.0074619,             0.89612,             0.81385,             0.85752,             0.43727,            0.046909,              0.0445,           0.0098269,             0.00208,             0.00208,             0.00208
                 242,            0.028189,            0.025174,            0.006441,             0.89375,             0.82118,             0.86464,             0.43842,            0.046925,            0.044656,           0.0097309,            0.002047,            0.002047,            0.002047
                 243,            0.028638,            0.026052,           0.0062181,             0.90385,             0.82467,             0.86894,             0.44364,            0.046934,            0.044482,           0.0096888,            0.002014,            0.002014,            0.002014
                 244,            0.026843,            0.024568,           0.0063305,             0.92088,             0.80966,             0.86457,             0.44058,            0.047004,             0.04477,           0.0097675,            0.001981,            0.001981,            0.001981
                 245,            0.028591,            0.024619,           0.0066834,              0.8871,             0.81206,             0.85403,             0.43758,            0.047004,            0.045124,           0.0098156,            0.001948,            0.001948,            0.001948
                 246,            0.029145,            0.024049,           0.0065667,             0.89084,             0.81311,             0.85703,             0.44651,            0.046847,            0.045229,           0.0098978,            0.001915,            0.001915,            0.001915
                 247,             0.02896,            0.024827,           0.0067443,             0.88529,             0.81399,             0.85752,             0.44338,            0.047058,            0.045308,            0.010097,            0.001882,            0.001882,            0.001882
                 248,            0.027622,             0.02379,           0.0060778,             0.88544,             0.81923,             0.85535,             0.44145,            0.047054,            0.045135,            0.010058,            0.001849,            0.001849,            0.001849
                 249,            0.028566,            0.024155,           0.0065521,             0.89913,             0.82625,             0.86443,             0.44274,            0.047058,            0.045049,           0.0099993,            0.001816,            0.001816,            0.001816
                 250,            0.029233,            0.023609,           0.0065038,             0.90004,              0.8363,             0.86825,             0.44339,            0.047194,            0.045044,            0.010079,            0.001783,            0.001783,            0.001783
                 251,            0.029141,            0.026299,           0.0069675,             0.90034,             0.83763,             0.86748,             0.44368,            0.047272,            0.045012,            0.010143,             0.00175,             0.00175,             0.00175
                 252,              0.0288,            0.023781,           0.0069827,             0.90743,             0.84949,             0.87615,             0.44523,            0.047165,            0.045003,            0.010249,            0.001717,            0.001717,            0.001717
                 253,            0.028759,            0.026241,           0.0067929,             0.89796,             0.84753,             0.87233,             0.44792,            0.047138,            0.044713,            0.010298,            0.001684,            0.001684,            0.001684
                 254,            0.028568,            0.025026,           0.0069257,             0.89605,             0.81905,             0.87128,             0.44435,            0.047154,            0.044569,            0.010121,            0.001651,            0.001651,            0.001651
                 255,            0.028993,            0.024701,           0.0070164,             0.89927,             0.84168,             0.88011,              0.4448,            0.046941,            0.044292,           0.0099862,            0.001618,            0.001618,            0.001618
                 256,            0.028002,            0.023116,           0.0064782,             0.89529,             0.83659,             0.87553,             0.44032,              0.0469,            0.044173,            0.009768,            0.001585,            0.001585,            0.001585
                 257,            0.028668,            0.023444,           0.0062791,             0.90526,             0.81306,             0.87013,             0.44506,            0.046845,            0.044089,           0.0096689,            0.001552,            0.001552,            0.001552
                 258,            0.027251,            0.024894,           0.0062082,             0.91262,              0.8124,             0.87052,             0.44085,            0.046767,            0.044177,           0.0096911,            0.001519,            0.001519,            0.001519
                 259,            0.029446,            0.024984,           0.0070639,              0.9218,             0.81343,             0.87078,             0.44509,            0.046796,            0.044347,           0.0097209,            0.001486,            0.001486,            0.001486
                 260,            0.028417,             0.02419,           0.0068586,             0.91326,             0.81529,             0.87043,              0.4427,            0.046782,            0.044599,           0.0097174,            0.001453,            0.001453,            0.001453
                 261,            0.028513,            0.024322,           0.0065944,              0.9116,             0.81463,             0.86649,             0.44565,            0.046865,            0.044709,           0.0096648,             0.00142,             0.00142,             0.00142
                 262,            0.028299,            0.025168,           0.0072923,             0.89616,             0.83278,             0.87018,             0.44484,            0.046951,            0.044734,           0.0096314,            0.001387,            0.001387,            0.001387
                 263,            0.028474,            0.023574,           0.0062347,             0.90875,             0.82678,             0.87276,             0.44917,            0.046903,            0.044673,           0.0096458,            0.001354,            0.001354,            0.001354
                 264,            0.028325,            0.026436,           0.0063364,             0.90021,             0.80783,             0.85861,             0.44679,            0.047055,            0.044754,           0.0096234,            0.001321,            0.001321,            0.001321
                 265,            0.028558,            0.023983,           0.0072583,             0.89863,             0.82856,             0.86342,             0.44119,            0.047184,            0.044843,           0.0096888,            0.001288,            0.001288,            0.001288
                 266,            0.028582,             0.02576,           0.0062711,             0.88649,             0.82097,             0.85633,              0.4387,            0.047167,            0.044708,           0.0096009,            0.001255,            0.001255,            0.001255
                 267,            0.026972,            0.022946,           0.0061078,              0.9002,             0.82522,             0.86578,             0.44405,            0.047151,            0.044654,           0.0095629,            0.001222,            0.001222,            0.001222
                 268,            0.027475,            0.025129,           0.0058143,             0.90039,             0.82566,             0.86878,             0.44118,            0.047191,            0.044565,           0.0096197,            0.001189,            0.001189,            0.001189
                 269,            0.029561,            0.026885,            0.007299,             0.90205,             0.81671,             0.86712,             0.44058,            0.047219,            0.045091,           0.0096928,            0.001156,            0.001156,            0.001156
                 270,            0.027695,            0.024275,           0.0063155,             0.89131,             0.81678,              0.8614,              0.4428,             0.04711,            0.045014,           0.0096327,            0.001123,            0.001123,            0.001123
                 271,            0.028245,            0.026086,           0.0068469,             0.90081,             0.81477,             0.85863,             0.44436,              0.0471,            0.045003,            0.009675,             0.00109,             0.00109,             0.00109
                 272,            0.029247,            0.026406,           0.0066821,             0.90136,             0.82321,             0.86657,             0.44395,             0.04706,             0.04496,           0.0096378,            0.001057,            0.001057,            0.001057
                 273,            0.026708,            0.022484,           0.0057496,             0.90286,             0.81756,             0.86388,             0.44801,             0.04699,            0.044817,           0.0096711,            0.001024,            0.001024,            0.001024
                 274,            0.027919,            0.021997,           0.0070568,             0.89706,             0.81559,             0.86497,             0.44893,             0.04697,            0.044888,            0.009758,            0.000991,            0.000991,            0.000991
                 275,             0.02819,            0.024758,           0.0066359,              0.9002,              0.8172,             0.86105,             0.44358,            0.046982,            0.044885,           0.0098291,            0.000958,            0.000958,            0.000958
                 276,            0.029232,            0.026606,           0.0073535,             0.89715,             0.81017,             0.85976,             0.44615,            0.046912,            0.045005,           0.0097815,            0.000925,            0.000925,            0.000925
                 277,            0.028439,             0.02668,             0.00687,             0.90571,             0.80976,             0.85958,             0.44481,            0.046875,            0.045021,           0.0097701,            0.000892,            0.000892,            0.000892
                 278,            0.028292,            0.022921,           0.0067631,             0.89544,             0.82775,             0.86957,             0.44774,            0.046772,            0.044999,           0.0098186,            0.000859,            0.000859,            0.000859
                 279,            0.027914,            0.027461,           0.0065144,              0.9001,             0.81975,             0.86473,             0.44448,            0.046766,            0.045036,           0.0098488,            0.000826,            0.000826,            0.000826
                 280,             0.02774,             0.02517,           0.0067902,             0.90054,             0.83109,             0.86572,             0.44447,            0.046784,            0.045113,           0.0098663,            0.000793,            0.000793,            0.000793
                 281,            0.027684,            0.025316,           0.0068654,             0.89298,             0.82989,             0.86258,             0.44231,            0.046804,            0.045227,            0.009939,             0.00076,             0.00076,             0.00076
                 282,             0.02744,            0.025944,           0.0060868,             0.90173,              0.8228,             0.86386,             0.44187,            0.046782,            0.045394,           0.0099496,            0.000727,            0.000727,            0.000727
                 283,            0.028029,            0.024753,           0.0069209,              0.8992,              0.8171,             0.85632,             0.44116,            0.046905,            0.045466,           0.0098613,            0.000694,            0.000694,            0.000694
                 284,            0.027299,            0.022787,           0.0065983,             0.90062,             0.80913,             0.86172,             0.44217,            0.046822,            0.045357,           0.0099151,            0.000661,            0.000661,            0.000661
                 285,            0.027929,            0.022938,            0.006408,             0.89639,             0.82016,             0.86657,             0.43701,            0.046746,            0.045314,           0.0097608,            0.000628,            0.000628,            0.000628
                 286,            0.028389,             0.02592,           0.0071801,             0.90478,             0.82542,             0.87116,             0.43868,            0.046673,            0.045311,           0.0097484,            0.000595,            0.000595,            0.000595
                 287,            0.027561,            0.023958,           0.0070027,             0.89626,             0.82989,             0.86139,             0.44134,            0.046627,            0.045206,           0.0097989,            0.000562,            0.000562,            0.000562
                 288,            0.028298,            0.023861,           0.0064475,             0.89951,             0.82313,             0.86236,             0.44445,            0.046549,            0.045198,           0.0097656,            0.000529,            0.000529,            0.000529
                 289,            0.026843,            0.022994,           0.0060587,             0.90084,             0.82064,             0.86346,             0.44183,            0.046565,            0.045202,            0.009665,            0.000496,            0.000496,            0.000496
                 290,            0.026699,            0.022344,           0.0065445,             0.88845,             0.82378,             0.86486,             0.44498,            0.046513,            0.045083,           0.0097232,            0.000463,            0.000463,            0.000463
                 291,            0.028426,             0.02515,           0.0072703,             0.88383,             0.83661,             0.86426,             0.44478,             0.04653,            0.045195,           0.0097457,             0.00043,             0.00043,             0.00043
                 292,            0.027271,             0.02474,           0.0069566,             0.90093,             0.81967,              0.8661,             0.43922,            0.046577,            0.045353,           0.0096835,            0.000397,            0.000397,            0.000397
                 293,            0.026781,            0.025079,           0.0061584,             0.90605,             0.81827,              0.8659,             0.44211,            0.046602,            0.045336,           0.0097026,            0.000364,            0.000364,            0.000364
                 294,            0.028167,            0.023719,           0.0071057,             0.90476,             0.81755,             0.86767,             0.44515,            0.046642,            0.045374,           0.0096665,            0.000331,            0.000331,            0.000331
                 295,            0.028615,            0.023886,           0.0068065,             0.90924,             0.83098,             0.86874,             0.44517,            0.046669,            0.045362,           0.0095883,            0.000298,            0.000298,            0.000298
                 296,            0.029309,            0.026911,           0.0073146,             0.89927,             0.80585,             0.86448,             0.44197,            0.046652,            0.045612,           0.0095887,            0.000265,            0.000265,            0.000265
                 297,            0.026958,            0.024161,           0.0060456,             0.90752,             0.81169,             0.87201,             0.44566,            0.046517,            0.045542,           0.0096399,            0.000232,            0.000232,            0.000232
                 298,            0.028132,            0.024692,           0.0065701,             0.89432,             0.83046,             0.87301,             0.44644,            0.046493,            0.045429,             0.00963,            0.000199,            0.000199,            0.000199
                 299,            0.027261,            0.024368,           0.0064148,             0.91275,             0.82704,             0.86825,             0.44383,             0.04651,            0.045424,           0.0096205,            0.000166,            0.000166,            0.000166
